Depth (m),qc (MPa),fs (kPa),u (kPa),Other,qt (MPa),Rf (%),SBT,Ic SBT,γ (kN/m³),"σ,v (kPa)",u0 (kPa),"σ',vo (kPa)",Qt1,Fr (%),Bq,SBTn,n,Cn,Ic,Qtn,u (kPa),U2,I(B),Mod. SBTn
1.75,0.68436,21.62,66.51,697.65,0.68,3.23,3,3.16,19,33.25,7.36,25.89,25.11,3.4,0.09,4,0.91,3.42,2.75,22.26,66.51,2.29,22.15,5
1.775,0.65041,22.58,61.9,662.78,0.68,3.24,3,3.16,19,33.73,7.6,26.12,24.76,3.41,0.08,4,0.91,3.4,2.76,22.02,61.9,2.09,22.07,5
1.8,0.66948,21.95,58.27,681.13,0.67,3.4,3,3.18,19,34.2,7.85,26.35,24.06,3.59,0.08,4,0.92,3.41,2.78,21.64,58.27,1.92,21.43,3
1.825,0.65003,23.72,54.84,660.99,0.66,3.5,3,3.19,19,34.68,8.09,26.58,23.62,3.7,0.07,4,0.93,3.41,2.79,21.39,54.84,1.76,21.06,3
1.85,0.63476,23.93,51.6,645.07,0.65,3.62,3,3.2,19,35.15,8.34,26.81,22.87,3.83,0.07,3,0.93,3.41,2.81,20.91,51.6,1.63,20.6,3
1.875,0.62943,22.77,49.34,639.29,0.65,3.59,3,3.2,19,35.63,8.58,27.04,22.71,3.8,0.07,3,0.93,3.38,2.81,20.78,49.34,1.55,20.66,3
1.9,0.65459,23.29,50.33,664.65,0.66,3.51,3,3.19,19,36.1,8.83,27.27,22.73,3.72,0.07,3,0.93,3.35,2.8,20.76,50.33,1.53,20.9,3
1.925,0.65381,23.08,52.19,664.24,0.66,3.22,3,3.17,19,36.58,9.07,27.5,22.62,3.41,0.07,4,0.92,3.29,2.78,20.48,52.19,1.57,21.8,3
1.95,0.63626,17.27,54.45,647.14,0.64,3.03,3,3.16,19,37.05,9.32,27.73,21.81,3.21,0.07,4,0.92,3.26,2.78,19.72,54.45,1.63,22.29,5
1.975,0.60307,17.92,56.6,614.38,0.62,2.9,3,3.17,19,37.53,9.56,27.96,20.7,3.09,0.08,4,0.92,3.25,2.78,18.79,56.6,1.68,22.47,5
2,0.57522,18.5,58.86,586.99,0.59,3.13,3,3.2,19,38,9.81,28.19,19.6,3.35,0.09,4,0.94,3.28,2.82,18.1,58.86,1.8,21.52,3
2.025,0.55691,19.05,66.22,570.15,0.6,3.05,3,3.19,19,38.48,10.06,28.42,19.75,3.26,0.15,4,0.93,3.24,2.81,18.18,66.22,2.92,21.8,3
2.05,0.61143,17.32,153.92,642.2,0.63,2.84,3,3.16,19,38.95,10.3,28.65,20.5,3.03,0.2,4,0.92,3.17,2.78,18.63,153.92,4.02,22.64,5
2.075,0.63545,17.05,156.57,666.75,0.74,2.55,3,3.07,19,39.43,10.55,28.88,24.41,2.69,0.21,4,0.89,3.03,2.7,21.38,156.57,5.13,24.6,5
2.1,0.89066,22.58,165.69,923.78,1.02,2.31,3,2.93,19,39.9,10.79,29.11,33.77,2.4,0.16,4,0.85,2.84,2.58,27.95,165.69,5.4,27.67,5
2.125,1.44189,31.23,181.39,1478.15,1.36,2.09,4,2.8,19,40.38,11.04,29.34,44.94,2.16,0.11,5,0.81,2.68,2.47,35.39,181.39,5.09,31.01,5
2.15,1.6475,31.54,133.71,1674.23,1.61,2,4,2.73,19,40.85,11.28,29.57,53.11,2.05,0.07,5,0.78,2.59,2.41,40.72,133.71,3.94,33.04,7
2.175,1.66772,33.85,68.57,1681.43,1.68,2.12,4,2.73,19,41.33,11.53,29.8,55.06,2.17,0.04,5,0.78,2.58,2.41,42.35,68.57,2.47,32.31,7
2.2,1.67992,41.55,52.68,1690.45,1.69,2.37,4,2.76,19,41.8,11.77,30.03,54.98,2.43,0.03,5,0.79,2.6,2.44,42.91,52.68,1.45,30.35,5
2.225,1.69786,45.04,44.34,1706.72,1.7,2.6,4,2.78,19,42.28,12.02,30.26,54.9,2.67,0.02,4,0.8,2.61,2.46,43.38,44.34,1.16,28.72,5
2.25,1.70396,46.47,44.44,1712.84,1.72,2.7,4,2.78,19,42.75,12.26,30.49,55,2.77,0.02,4,0.81,2.61,2.47,43.71,44.44,0.97,28.1,5
2.275,1.7318,47.92,37.08,1739.21,1.69,2.5,4,2.77,19,43.23,12.51,30.72,53.6,2.57,0.01,5,0.8,2.58,2.46,42.42,37.08,0.77,29.3,5
2.3,1.61202,32.41,26.88,1617.39,1.63,2.23,4,2.75,19,43.7,12.75,30.95,51.41,2.29,0.01,5,0.8,2.54,2.44,40.45,26.88,0.52,31.02,5
2.325,1.54336,28.99,22.27,1547.81,1.53,1.98,4,2.75,19,44.18,13,31.18,47.7,2.04,0.01,5,0.79,2.52,2.44,37.48,22.27,0.33,32.41,7
2.35,1.42472,29.66,20.31,1428.78,1.36,2.11,4,2.81,19,44.65,13.24,31.41,41.91,2.19,0.01,4,0.81,2.57,2.49,33.78,20.31,0.23,30.44,5
2.375,1.10276,27.65,18.54,1106.47,1.12,2.65,3,2.93,19,45.13,13.49,31.64,33.98,2.76,0.01,4,0.86,2.69,2.61,28.87,18.54,0.18,25.98,5
2.4,0.82123,31.61,18.84,825,1.01,2.84,3,2.98,19,45.6,13.73,31.87,30.24,2.98,0.01,4,0.88,2.73,2.66,26.32,18.84,0.25,24.49,5
2.425,1.09055,26.76,27.96,1096.14,1.05,2.49,3,2.94,19,46.08,13.98,32.1,31.25,2.61,0.01,4,0.86,2.67,2.62,26.74,27.96,0.47,26.3,5
2.45,1.21834,20.08,40.12,1226.36,1.22,1.91,4,2.82,19,46.55,14.22,32.33,36.19,1.99,0.02,4,0.82,2.53,2.51,29.59,40.12,0.68,30.73,5
2.475,1.31826,22.91,40.32,1326.32,1.34,1.74,4,2.76,19,47.03,14.47,32.56,39.85,1.8,0.02,5,0.8,2.46,2.46,31.91,40.32,0.79,32.89,7
2.5,1.47237,27.07,40.52,1480.47,1.42,1.88,4,2.76,19,47.5,14.72,32.78,42.01,1.94,0.02,5,0.8,2.45,2.46,33.71,40.52,0.77,32.27,7
2.525,1.45978,30.22,38.55,1467.49,1.58,1.99,4,2.74,19,47.98,14.96,33.01,46.34,2.05,0.02,5,0.8,2.42,2.44,36.97,38.55,1.12,32.22,7
2.55,1.76988,36.77,76.81,1785.23,1.63,2.1,4,2.74,19,48.45,15.21,33.24,47.43,2.17,0.02,5,0.8,2.41,2.45,38,76.81,1.01,31.5,5
2.575,1.61691,35.57,31.2,1623.15,1.69,2.06,4,2.72,19,48.93,15.45,33.47,48.93,2.13,0.02,5,0.79,2.38,2.43,39.03,31.2,0.88,32.05,5
2.6,1.64628,32.1,27.08,1651.69,1.66,1.92,4,2.71,19,49.4,15.7,33.7,47.77,1.98,0.01,5,0.79,2.36,2.42,37.99,27.08,0.36,33.08,7
2.625,1.69855,27.79,24.92,1703.53,1.74,1.61,4,2.65,19,49.88,15.94,33.93,49.86,1.66,0.01,5,0.77,2.3,2.37,38.83,24.92,0.26,36.31,7
2.65,1.86525,24.42,22.76,1869.8,1.78,1.47,4,2.62,19,50.35,16.19,34.16,50.49,1.51,0,5,0.76,2.26,2.34,38.97,22.76,0.18,38,7
2.675,1.74854,25.97,18.84,1752.31,1.73,1.54,4,2.64,19,50.83,16.43,34.39,48.82,1.59,0,5,0.77,2.27,2.36,38.07,18.84,0.1,36.87,7
2.7,1.56389,29.52,18.44,1567.58,1.58,1.79,4,2.71,19,51.3,16.68,34.62,44.03,1.85,0,5,0.79,2.32,2.43,35.33,18.44,0.07,33.48,7
2.725,1.40291,29.15,19.82,1406.87,1.49,1.89,4,2.74,19,51.78,16.92,34.85,41.4,1.96,0,5,0.8,2.34,2.46,33.7,19.82,0.06,32.14,7
2.75,1.50627,26.08,18.64,1510,1.53,1.71,4,2.71,19,52.25,17.17,35.08,42.08,1.77,0,5,0.79,2.3,2.43,33.9,18.64,0.05,33.79,7
2.775,1.66536,23.05,18.54,1669.07,1.66,1.44,4,2.64,19,52.73,17.41,35.31,45.44,1.49,0,5,0.77,2.23,2.37,35.76,18.54,0.02,37.11,7
2.8,1.78972,22.64,17.36,1793.19,1.73,1.29,4,2.6,19,53.2,17.66,35.54,47.2,1.34,0,5,0.76,2.19,2.33,36.67,17.36,-0.01,39.22,7
2.825,1.72677,21.54,16.48,1730.06,1.67,1.29,4,2.62,19,53.68,17.9,35.77,45.13,1.34,0,5,0.76,2.19,2.35,35.31,16.48,-0.03,38.65,7
2.85,1.47806,20.62,16.38,1481.34,1.51,1.37,4,2.67,19,54.15,18.15,36,40.45,1.43,0,5,0.78,2.22,2.39,32.29,16.38,-0.03,36.45,7
2.875,1.31592,20.11,18.64,1319.65,1.36,1.46,4,2.72,19,54.63,18.39,36.23,36.13,1.52,0,5,0.8,2.25,2.44,29.44,18.64,0,34.38,7
2.9,1.28618,18.95,20.7,1290.32,1.29,1.47,4,2.74,19,55.1,18.64,36.46,34.01,1.54,0,5,0.81,2.26,2.46,27.98,20.7,0.05,33.59,7
2.925,1.27051,18.21,22.27,1274.96,1.27,1.43,4,2.74,19,55.58,18.88,36.69,33.13,1.5,0,5,0.81,2.25,2.47,27.31,22.27,0.08,33.64,7
2.95,1.24304,17.47,22.86,1247.61,1.21,1.42,4,2.76,19,56.05,19.13,36.92,31.26,1.49,0,5,0.81,2.25,2.48,25.98,22.86,0.11,33.07,6
2.975,1.10304,16,24.43,1107.92,1.14,1.52,4,2.79,19,56.53,19.37,37.15,29.19,1.6,0,5,0.83,2.27,2.52,24.62,24.43,0.14,31.67,4
3,1.06184,18.46,26.49,1067.13,1.11,1.5,4,2.8,19,57,19.62,37.38,28.25,1.58,0.04,4,0.83,2.27,2.53,23.93,26.49,1.19,31.46,4
3.025,1.13606,15.64,141.26,1164.3,1.15,1.37,4,2.77,19,57.48,19.87,37.61,29.14,1.44,0.06,5,0.82,2.23,2.5,24.43,141.26,1.79,32.72,6
3.05,1.21028,13.34,93.39,1228.95,1.17,1.18,4,2.73,19,57.95,20.11,37.84,29.46,1.24,0.07,5,0.81,2.19,2.46,24.41,93.39,2.07,34.31,6
3.075,1.11262,12.5,61.12,1124.84,1.12,1.1,4,2.73,19,58.43,20.36,38.07,27.99,1.16,0.05,5,0.81,2.18,2.46,23.24,61.12,1.33,34.31,6
3.1,1.00694,11.13,58.37,1018.61,1.02,1.1,4,2.77,19,58.9,20.6,38.3,25.19,1.17,0.04,5,0.82,2.2,2.5,21.22,58.37,1.05,32.92,6
3.125,0.91425,10.21,63.47,926.94,0.93,1.09,4,2.81,19,59.38,20.85,38.53,22.49,1.17,0.05,5,0.84,2.22,2.54,19.22,63.47,1.1,31.62,4
3.15,0.81812,8.95,67.59,831.63,0.86,1.09,4,2.84,19,59.85,21.09,38.76,20.56,1.17,0.06,4,0.85,2.23,2.57,17.78,67.59,1.25,30.61,4
3.175,0.79561,8.74,77.4,811.08,0.84,1.14,4,2.85,19,60.33,21.34,38.99,20.02,1.22,0.08,4,0.85,2.23,2.58,17.44,77.4,1.55,30.04,4
3.2,0.86048,10.97,99.77,880.42,0.92,1.21,4,2.83,19,60.8,21.58,39.22,21.92,1.29,0.09,4,0.85,2.21,2.56,18.98,99.77,2.01,30.66,4
3.225,1.04509,13.61,123.8,1069.84,1.08,1.23,4,2.77,19,61.28,21.83,39.45,25.92,1.3,0.1,5,0.83,2.16,2.51,22.04,123.8,2.48,32.47,6
3.25,1.27397,15.33,134.89,1300.93,1.22,1.28,4,2.73,19,61.75,22.07,39.68,29.14,1.35,0.09,5,0.81,2.12,2.48,24.54,134.89,2.59,33.48,6
3.275,1.25948,17.95,115.66,1282.6,1.31,1.41,4,2.73,19,62.23,22.32,39.91,31.22,1.48,0.08,5,0.81,2.11,2.48,26.3,115.66,2.43,33.29,6
3.3,1.31899,22.2,107.62,1340.5,1.38,1.56,4,2.73,19,62.7,22.56,40.14,32.83,1.64,0.07,5,0.82,2.11,2.48,27.74,107.62,2.15,32.71,7
3.325,1.49714,24.49,103.3,1517.79,1.44,1.64,4,2.73,19,63.18,22.81,40.37,34.01,1.72,0.06,5,0.82,2.1,2.48,28.77,103.3,1.99,32.47,7
3.35,1.42962,24.03,98.69,1449.35,1.44,1.67,4,2.73,19,63.65,23.05,40.6,33.92,1.75,0.05,5,0.82,2.09,2.49,28.77,98.69,1.71,32.23,7
3.375,1.33958,23.71,74.95,1354.56,1.39,1.72,4,2.75,19,64.13,23.3,40.83,32.46,1.8,0.04,5,0.83,2.09,2.51,27.76,74.95,1.45,31.46,5
3.4,1.3495,23.88,74.16,1364.32,1.34,1.77,4,2.77,19,64.6,23.54,41.06,31.11,1.86,0.04,4,0.83,2.1,2.53,26.81,74.16,1.23,30.74,5
3.425,1.29228,23.52,73.18,1306.91,1.28,2.01,4,2.81,19,65.08,23.79,41.29,29.54,2.11,0.04,4,0.85,2.12,2.57,25.88,73.18,1.27,28.77,5
3.45,1.16641,29.94,81.13,1182.63,1.2,2.49,3,2.89,19,65.55,24.03,41.52,27.4,2.63,0.05,4,0.88,2.17,2.65,24.64,81.13,1.35,25.69,5
3.475,1.10231,36.36,85.45,1119.39,1.15,3.01,3,2.95,19,66.03,24.28,41.75,26.02,3.19,0.06,4,0.9,2.2,2.71,23.92,85.45,1.59,23.18,5
3.5,1.13397,37.7,105.75,1155.11,1.16,3.23,3,2.97,19,66.5,24.53,41.98,26.16,3.42,0.07,4,0.91,2.2,2.73,24.19,105.75,1.93,22.37,5
3.525,1.19423,38.77,125.76,1219.37,1.16,3.27,3,2.97,19,66.98,24.77,42.2,26.02,3.47,0.07,4,0.91,2.2,2.73,24.1,125.76,1.72,22.21,5
3.55,1.10843,37.75,60.04,1120.43,1.35,2.73,3,2.87,19,67.45,25.02,42.43,30.25,2.87,0.03,4,0.88,2.12,2.64,27.21,60.04,1.04,25.11,5
3.575,1.70962,34.15,21.88,1713.99,1.52,2.24,4,2.78,19,67.93,25.26,42.66,33.99,2.34,0.01,4,0.84,2.05,2.55,29.75,21.88,0.2,28.44,5
3.6,1.71571,30.11,19.13,1719.53,1.63,1.84,4,2.71,19,68.4,25.51,42.89,36.38,1.92,0,5,0.82,2,2.48,31.17,19.13,-0.12,31.69,5
3.625,1.44983,25.72,19.52,1453.73,1.55,1.64,4,2.7,19,68.88,25.75,43.12,34.26,1.72,0,5,0.81,1.98,2.48,29.31,19.52,-0.11,32.68,7
3.65,1.46129,20.21,24.72,1466.23,1.42,1.5,4,2.71,19,69.35,26,43.35,31.25,1.58,0,5,0.82,1.98,2.48,26.84,24.72,-0.01,32.81,7
3.675,1.34607,18.09,32.08,1352.48,1.37,1.34,4,2.7,19,69.83,26.24,43.58,29.73,1.42,0.01,5,0.82,1.97,2.48,25.5,32.08,0.16,33.46,6
3.7,1.26978,16.72,42.48,1278.27,1.31,1.31,4,2.71,19,70.3,26.49,43.81,28.26,1.39,0.01,5,0.82,1.97,2.49,24.35,42.48,0.41,33.11,6
3.725,1.28238,16.67,58.37,1294.05,1.3,1.29,4,2.71,19,70.78,26.73,44.04,28,1.37,0.03,5,0.82,1.96,2.49,24.16,58.37,0.84,33.16,6
3.75,1.32164,17.16,89.86,1339.6,1.33,1.27,4,2.7,19,71.25,26.98,44.27,28.47,1.35,0.05,5,0.82,1.95,2.48,24.52,89.86,1.42,33.51,6
3.775,1.33769,17.07,121.25,1361.93,1.34,1.26,4,2.7,19,71.73,27.22,44.5,28.41,1.34,0.08,5,0.82,1.94,2.48,24.48,121.25,2.15,33.58,6
3.8,1.27548,16.44,157.65,1306.99,1.29,1.27,4,2.71,19,72.2,27.47,44.73,27.25,1.34,0.1,5,0.82,1.94,2.49,23.61,157.65,2.81,33.06,6
3.825,1.16829,15.55,180.99,1204.47,1.23,1.27,4,2.73,19,72.68,27.71,44.96,25.82,1.35,0.13,5,0.83,1.94,2.51,22.53,180.99,3.45,32.37,6
3.85,1.14769,15.13,210.52,1189.77,1.16,1.28,4,2.75,19,73.15,27.96,45.19,24.13,1.36,0.16,5,0.84,1.95,2.54,21.22,210.52,3.98,31.57,4
3.875,1.05041,13.86,232.1,1096.8,1.13,1.26,4,2.76,19,73.63,28.2,45.42,23.25,1.35,0.2,4,0.84,1.94,2.55,20.53,232.1,4.56,31.23,4
3.9,1.04926,13.86,263.5,1101.93,1.09,1.24,4,2.77,19,74.1,28.45,45.65,22.19,1.33,0.23,4,0.85,1.94,2.56,19.68,263.5,5.03,30.85,4
3.925,1.00614,12.76,278.51,1061.81,1.08,1.2,4,2.77,19,74.58,28.69,45.88,21.82,1.29,0.25,4,0.85,1.93,2.56,19.36,278.51,5.39,30.91,4
3.95,1.00574,12.15,285.57,1062.82,1.02,1.2,4,2.79,19,75.05,28.94,46.11,20.52,1.29,0.26,4,0.85,1.94,2.58,18.34,285.57,5.26,30.25,4
3.975,0.8894,11.74,249.76,939.32,0.98,1.29,4,2.82,19,75.53,29.18,46.34,19.48,1.4,0.25,4,0.87,1.95,2.61,17.59,249.76,4.89,29.18,4
4,0.88558,13.93,232.3,932.01,0.98,1.38,4,2.83,19,76,29.43,46.57,19.47,1.49,0.22,4,0.87,1.95,2.62,17.66,232.3,4.19,28.72,4
4.025,1.0383,14.89,192.08,1076.69,1.04,1.43,4,2.82,19,76.48,29.68,46.8,20.62,1.54,0.19,4,0.87,1.93,2.61,18.65,192.08,3.86,29.02,4
4.05,1.07416,15.8,206.3,1115.4,1.07,1.37,4,2.8,19,76.95,29.92,47.03,21.2,1.47,0.17,4,0.86,1.91,2.59,19.09,206.3,3.59,29.64,4
4.075,0.98982,13.41,198.06,1029.41,1.02,1.37,4,2.82,19,77.43,30.17,47.26,19.9,1.49,0.17,4,0.87,1.92,2.62,18.05,198.06,3.29,28.96,4
4.1,0.87846,12.76,152.06,908.85,0.94,1.41,4,2.85,19,77.9,30.41,47.49,18.11,1.54,0.16,4,0.88,1.93,2.65,16.61,152.06,2.83,27.86,4
4.125,0.84604,13.47,144.89,875,0.88,1.54,4,2.9,19,78.38,30.66,47.72,16.72,1.69,0.15,4,0.9,1.95,2.7,15.55,144.89,2.54,26.55,4
4.15,0.81285,14.14,158.14,844.46,0.86,1.56,4,2.91,19,78.85,30.9,47.95,16.36,1.71,0.19,4,0.91,1.95,2.71,15.27,158.14,3.07,26.27,4
4.175,0.82352,12.73,231.81,869.85,0.86,1.5,4,2.9,19,79.33,31.15,48.18,16.16,1.65,0.22,4,0.9,1.94,2.71,15.08,231.81,3.58,26.42,4
4.2,0.81551,11.76,221.12,859.71,0.86,1.35,4,2.88,19,79.8,31.39,48.41,16.02,1.48,0.25,4,0.9,1.92,2.69,14.88,221.12,3.96,27.02,4
4.225,0.79378,10.05,216.02,836.96,0.85,1.23,4,2.87,19,80.28,31.64,48.64,15.74,1.36,0.25,4,0.89,1.9,2.67,14.58,216.02,3.96,27.35,4
4.25,0.79415,9.52,236.22,841.37,0.84,1.21,4,2.86,19,80.75,31.88,48.87,15.6,1.34,0.27,4,0.89,1.9,2.67,14.45,236.22,4.18,27.37,4
4.275,0.80025,11.04,255.65,851.35,0.84,1.25,4,2.87,19,81.23,32.13,49.1,15.45,1.38,0.29,4,0.9,1.89,2.68,14.36,255.65,4.51,27.12,4
4.3,0.77315,10.86,268.4,826.8,0.85,1.27,4,2.87,19,81.7,32.37,49.33,15.68,1.4,0.3,4,0.9,1.88,2.68,14.57,268.4,4.75,27.17,4
4.325,0.83155,10.63,276.05,886.73,0.86,1.27,4,2.87,19,82.18,32.62,49.56,15.7,1.4,0.31,4,0.9,1.88,2.68,14.59,276.05,4.91,27.18,4
4.35,0.81018,11.28,283.61,866.87,0.89,1.32,4,2.86,19,82.65,32.86,49.79,16.2,1.45,0.31,4,0.89,1.87,2.68,15.05,283.61,4.98,27.27,4
4.375,0.85747,13.28,282.72,913.98,0.95,1.44,4,2.85,19,83.13,33.11,50.02,17.38,1.58,0.3,4,0.89,1.86,2.67,16.13,282.72,5.22,27.37,4
4.4,1.01349,16.64,315.59,1076.57,1.12,1.42,4,2.79,19,83.6,33.35,50.25,20.57,1.53,0.26,4,0.87,1.82,2.61,18.79,315.59,5.42,29.14,4
4.425,1.29769,17.6,319.02,1361.46,1.31,1.34,4,2.71,19,84.08,33.6,50.48,24.36,1.43,0.21,5,0.84,1.78,2.54,21.86,319.02,5.22,31.45,4
4.45,1.45178,18.56,256.14,1502.98,1.44,1.27,4,2.67,19,84.55,33.84,50.71,26.73,1.35,0.17,5,0.82,1.75,2.49,23.72,256.14,4.59,33.09,6
4.475,1.40947,18.54,225.14,1454.47,1.41,1.31,4,2.68,19,85.03,34.09,50.94,26.04,1.4,0.14,5,0.83,1.75,2.51,23.23,225.14,3.7,32.43,6
4.5,1.23932,18.54,187.08,1276.71,1.24,1.46,4,2.75,19,85.5,34.34,51.17,22.65,1.56,0.14,4,0.86,1.78,2.58,20.6,187.08,3.17,29.93,4
4.525,0.96696,17.33,177.46,1002.43,1.15,1.49,4,2.79,19,85.98,34.58,51.39,20.78,1.61,0.13,4,0.87,1.79,2.61,19.08,177.46,2.78,28.86,4
4.55,1.1493,15.77,167.46,1182.77,1.07,1.49,4,2.81,19,86.45,34.83,51.62,19.12,1.63,0.14,4,0.88,1.79,2.64,17.7,167.46,2.74,28.04,4
4.575,0.999,15.03,183.74,1035.73,1.09,1.4,4,2.79,19,86.93,35.07,51.85,19.33,1.52,0.16,4,0.88,1.78,2.62,17.81,183.74,3,28.67,4
4.6,1.00473,14.81,221.02,1048.91,1.05,1.34,4,2.8,19,87.4,35.32,52.08,18.39,1.46,0.2,4,0.88,1.77,2.63,17,221.02,3.66,28.48,4
4.625,0.99671,12.07,273.7,1051.42,1.05,1.24,4,2.78,19,87.88,35.56,52.31,18.44,1.35,0.24,4,0.87,1.76,2.62,16.98,273.7,4.51,29.03,4
4.65,0.99367,12.23,320.3,1057.69,1.07,1.13,4,2.76,19,88.35,35.81,52.54,18.64,1.23,0.28,4,0.86,1.74,2.59,17.08,320.3,5.29,29.74,4
4.675,1.02495,11.92,347.76,1094.46,1.06,1.17,4,2.77,19,88.83,36.05,52.77,18.34,1.28,0.32,4,0.87,1.74,2.61,16.87,347.76,5.83,29.33,4
4.7,0.94484,13.05,362.38,1017.27,1.03,1.28,4,2.8,19,89.3,36.3,53,17.71,1.4,0.31,4,0.88,1.75,2.64,16.42,362.38,5.56,28.43,4
4.725,0.91623,14.39,283.02,972.8,0.99,1.44,4,2.84,19,89.78,36.54,53.23,16.93,1.59,0.3,4,0.9,1.76,2.68,15.87,283.02,5.04,27.18,4
4.75,0.92882,15.47,268.5,982.49,1,1.62,4,2.86,19,90.25,36.79,53.46,16.93,1.78,0.27,4,0.91,1.76,2.7,15.97,268.5,4.56,26.4,4
4.775,0.97344,18.39,290.28,1031.46,1.04,1.68,4,2.85,19,90.73,37.03,53.69,17.63,1.85,0.27,4,0.9,1.76,2.7,16.62,290.28,4.75,26.44,4
4.8,1.03487,18.56,316.67,1098.17,1.09,1.72,4,2.84,19,91.2,37.28,53.92,18.55,1.88,0.27,4,0.9,1.74,2.68,17.44,316.67,5.03,26.72,4
4.825,1.08102,19.33,319.22,1144.83,1.2,1.57,4,2.78,19,91.68,37.52,54.15,20.41,1.7,0.25,4,0.88,1.71,2.63,18.94,319.22,5.19,28.3,4
4.85,1.28319,18.59,319.71,1347.09,1.32,1.43,4,2.73,19,92.15,37.77,54.38,22.57,1.54,0.24,4,0.86,1.69,2.57,20.69,319.71,5.36,30.11,4
4.875,1.39647,18.88,348.94,1466.22,1.45,1.3,4,2.67,19,92.63,38.01,54.61,24.83,1.39,0.22,5,0.84,1.66,2.52,22.49,348.94,5.49,32.11,0
4.9,1.46287,18.91,345.12,1531.85,1.52,1.15,4,2.63,19,93.1,38.26,54.84,25.94,1.23,0.22,5,0.82,1.64,2.48,23.3,345.12,5.69,33.75,6
4.925,1.47813,14.72,357.18,1549.52,1.56,0.99,4,2.59,19,93.58,38.5,55.07,26.54,1.06,0.22,5,0.81,1.62,2.44,23.64,357.18,5.86,35.42,6
4.95,1.50826,12.73,381.02,1584.42,1.58,0.82,5,2.54,19,94.05,38.75,55.3,26.95,0.88,0.23,5,0.79,1.6,2.39,23.8,381.02,6.14,37.21,6
4.975,1.5403,11.7,396.42,1619.54,1.62,0.73,5,2.51,19,94.53,38.99,55.53,27.54,0.78,0.23,5,0.78,1.58,2.36,24.17,396.42,6.46,38.5,6
5,1.58492,11.19,416.43,1668.16,1.65,0.68,5,2.49,19,95,39.24,55.76,27.91,0.72,0.22,5,0.77,1.57,2.34,24.41,416.43,6.11,39.31,6
5.025,1.60065,10.67,327.46,1666.1,1.67,0.67,5,2.48,19,95.48,39.49,55.99,28.11,0.71,0.2,5,0.77,1.56,2.34,24.59,327.46,5.67,39.51,6
5.05,1.60806,11.82,327.75,1673.57,1.67,0.77,5,2.51,19,95.95,39.73,56.22,28.05,0.82,0.18,5,0.78,1.57,2.37,24.7,327.75,5.12,38.48,6
5.075,1.61287,16.14,328.05,1678.44,1.69,0.94,5,2.55,19,96.43,39.98,56.45,28.21,1,0.21,5,0.79,1.57,2.4,25.08,328.05,6.06,36.89,6
5.1,1.61708,19.85,489.91,1715,1.77,1.1,4,2.56,19,96.9,40.22,56.68,29.49,1.17,0.23,5,0.8,1.58,2.42,26.33,489.91,6.87,36.05,6
5.125,1.81811,22.62,470.78,1912.21,1.86,1.18,4,2.56,19,97.38,40.47,56.91,31.01,1.25,0.22,5,0.8,1.57,2.42,27.69,470.78,6.83,36.07,6
5.15,1.89403,23.49,327.36,1959.46,1.92,1.22,4,2.55,19,97.85,40.71,57.14,31.88,1.28,0.19,5,0.8,1.56,2.41,28.47,327.36,5.91,36.13,6
5.175,1.81888,23.92,337.27,1886.29,1.92,1.26,4,2.56,19,98.33,40.96,57.37,31.8,1.32,0.17,5,0.8,1.56,2.42,28.47,337.27,5.35,35.73,6
5.2,1.8467,25.01,378.18,1922.29,1.93,1.33,4,2.57,19,98.8,41.2,57.6,31.72,1.4,0.19,5,0.81,1.56,2.43,28.51,378.18,5.99,35.03,6
5.225,1.88029,27.84,443.22,1968.88,1.92,1.41,4,2.58,19,99.28,41.45,57.83,31.55,1.48,0.21,5,0.81,1.56,2.45,28.47,443.22,6.66,34.26,7
5.25,1.78874,28.43,459.01,1880.49,1.88,1.45,4,2.6,19,99.75,41.69,58.06,30.63,1.53,0.22,5,0.82,1.56,2.47,27.75,459.01,6.7,33.56,7
5.275,1.70673,25.39,389.95,1784.67,1.78,1.46,4,2.62,19,100.23,41.94,58.29,28.78,1.54,0.22,5,0.83,1.56,2.49,26.22,389.95,6.38,32.79,6
5.3,1.58999,23.86,391.62,1668.27,1.71,1.44,4,2.63,19,100.7,42.18,58.52,27.43,1.53,0.24,5,0.83,1.56,2.5,25.08,391.62,6.51,32.35,6
5.325,1.56711,24.55,487.26,1664.5,1.68,1.43,4,2.64,19,101.18,42.43,58.75,26.87,1.53,0.27,5,0.84,1.56,2.51,24.61,487.26,7.23,32.17,6
5.35,1.60144,23.89,522.68,1705.91,1.69,1.42,4,2.63,19,101.65,42.67,58.98,26.94,1.51,0.29,5,0.83,1.55,2.5,24.67,522.68,7.73,32.34,6
5.375,1.60296,23.42,486.58,1700.22,1.61,1.42,4,2.65,19,102.13,42.92,59.21,25.54,1.51,0.28,5,0.84,1.55,2.52,23.49,486.58,7.15,31.73,4
5.4,1.35807,21.33,389.36,1435.9,1.51,1.49,4,2.69,19,102.6,43.16,59.44,23.68,1.6,0.27,4,0.86,1.56,2.56,21.97,389.36,6.28,30.38,4
5.425,1.31916,22.97,373.86,1393.89,1.42,1.61,4,2.73,19,103.08,43.41,59.67,22.09,1.74,0.26,4,0.87,1.57,2.6,20.68,373.86,5.73,28.95,4
5.45,1.3554,24.47,392.99,1433.95,1.39,1.63,4,2.74,19,103.55,43.65,59.9,21.45,1.76,0.28,4,0.88,1.57,2.62,20.14,392.99,6.1,28.58,4
5.475,1.244,20.36,461.07,1336.16,1.31,1.61,4,2.76,19,104.03,43.9,60.13,20.08,1.75,0.26,4,0.88,1.57,2.64,18.94,461.07,5.2,28.07,4
5.5,1.1204,18.44,215.53,1163.48,1.19,1.57,4,2.79,19,104.5,44.15,60.36,18.05,1.72,0.26,4,0.9,1.57,2.67,17.14,215.53,4.67,27.28,4
5.525,1.02208,17.45,301.46,1082.34,1.11,1.59,4,2.82,19,104.98,44.39,60.58,16.51,1.76,0.24,4,0.91,1.58,2.7,15.79,301.46,3.93,26.38,4
5.55,1.00376,16.89,330.4,1069.8,1.03,1.63,4,2.85,19,105.45,44.64,60.81,15.26,1.81,0.31,4,0.92,1.58,2.74,14.69,330.4,4.75,25.55,4
5.575,0.87407,16.09,367.97,947.62,0.97,1.61,4,2.87,19,105.93,44.88,61.04,14.17,1.81,0.36,4,0.93,1.58,2.76,13.71,367.97,5.13,25.02,4
5.6,0.82066,13.92,376.21,895.86,0.92,1.57,4,2.88,19,106.4,45.13,61.27,13.3,1.77,0.41,4,0.94,1.58,2.78,12.92,376.21,5.46,24.67,4
5.625,0.84239,13.34,394.36,921.22,0.92,1.41,4,2.86,19,106.88,45.37,61.5,13.24,1.59,0.42,4,0.93,1.57,2.76,12.81,394.36,5.6,25.22,4
5.65,0.86644,11.69,399.37,946.27,0.95,1.27,4,2.83,19,107.35,45.62,61.73,13.58,1.43,0.43,4,0.92,1.56,2.73,13.07,399.37,5.78,25.99,4
5.675,0.8878,11.07,413,970.35,0.95,1.15,4,2.81,19,107.83,45.86,61.96,13.65,1.3,0.43,4,0.91,1.55,2.7,13.09,413,5.85,26.54,4
5.7,0.86185,10.17,412.22,944.24,0.93,1.13,4,2.81,19,108.3,46.11,62.19,13.18,1.28,0.44,4,0.92,1.54,2.71,12.66,412.22,5.77,26.28,4
5.725,0.79129,10.27,390.24,869.29,0.91,1.15,4,2.82,19,108.78,46.35,62.42,12.9,1.31,0.45,4,0.92,1.54,2.73,12.42,390.24,5.78,25.99,4
5.75,0.84431,11.22,418.49,927.96,0.95,1.22,4,2.82,19,109.25,46.6,62.65,13.44,1.38,0.45,4,0.92,1.54,2.72,12.94,418.49,6.07,26.11,4
5.775,0.96295,13.43,472.16,1057.33,1.07,1.21,4,2.77,19,109.73,46.84,62.88,15.26,1.35,0.43,4,0.9,1.52,2.67,14.57,472.16,6.63,27.4,4
5.8,1.12316,14.24,500.21,1223.14,1.17,1.21,4,2.74,19,110.2,47.09,63.11,16.79,1.33,0.38,4,0.89,1.5,2.64,15.94,500.21,6.42,28.44,4
5.825,1.15292,14.66,384.75,1229.82,1.21,1.21,4,2.72,19,110.68,47.33,63.34,17.36,1.33,0.32,4,0.88,1.5,2.62,16.45,384.75,5.52,28.8,4
5.85,1.11743,14.9,305.58,1178.51,1.16,1.28,4,2.75,19,111.15,47.58,63.57,16.52,1.41,0.27,4,0.89,1.5,2.65,15.74,305.58,4.54,27.9,4
5.875,1.01177,14.97,317.55,1075.24,1.11,1.35,4,2.78,19,111.63,47.82,63.8,15.71,1.5,0.28,4,0.91,1.5,2.68,15.05,317.55,4.45,27.04,4
5.9,1.01329,15.37,372.78,1087.8,1.09,1.44,4,2.8,19,112.1,48.07,64.03,15.3,1.61,0.33,4,0.91,1.5,2.71,14.72,372.78,5.12,26.39,4
5.925,1.02435,16.96,436.74,1111.65,1.11,1.53,4,2.81,19,112.58,48.31,64.26,15.48,1.7,0.4,4,0.92,1.5,2.72,14.93,436.74,6.21,26.12,4
5.95,1.01672,18.56,533.08,1123.27,1.12,1.72,4,2.83,19,113.05,48.56,64.49,15.56,1.91,0.44,4,0.93,1.5,2.74,15.06,533.08,6.87,25.36,4
5.975,1.0129,22.08,504.43,1113.73,1.1,1.91,4,2.86,19,113.53,48.8,64.72,15.17,2.13,0.45,4,0.94,1.5,2.77,14.77,504.43,6.88,24.4,4
6,0.95988,22.22,444.88,1048.8,1.01,2.22,3,2.92,19,114,49.05,64.95,13.87,2.5,0.44,4,0.96,1.52,2.84,13.66,444.88,6.1,22.72,4
6.025,0.80393,23.23,385.83,881.05,1.06,2.17,4,2.9,19,114.48,49.3,65.18,14.58,2.43,0.39,4,0.96,1.51,2.82,14.3,385.83,5.74,23.19,4
6.05,1.17549,23.9,440.08,1263.45,1.25,1.9,4,2.81,19,114.95,49.54,65.41,17.33,2.09,0.35,4,0.92,1.48,2.72,16.75,440.08,6.06,25.46,4
6.075,1.49821,24.11,511.59,1600.47,1.52,1.62,4,2.7,19,115.43,49.79,65.64,21.35,1.76,0.31,4,0.88,1.45,2.61,20.29,511.59,6.72,28.67,4
6.1,1.58213,25.87,521.21,1686.31,1.7,1.47,4,2.64,19,115.9,50.03,65.87,24.05,1.57,0.28,4,0.85,1.43,2.55,22.62,521.21,6.64,30.89,4
6.125,1.72709,24.79,429.58,1812.96,1.74,1.41,4,2.62,19,116.38,50.28,66.1,24.51,1.51,0.24,4,0.85,1.42,2.53,23.01,429.58,5.85,31.49,4
6.15,1.63783,22.92,359.34,1709.66,1.67,1.44,4,2.64,19,116.85,50.52,66.33,23.47,1.55,0.19,4,0.86,1.42,2.55,22.11,359.34,4.35,30.82,4
6.175,1.45205,24.55,228.28,1497.68,1.53,1.59,4,2.7,19,117.33,50.77,66.56,21.28,1.72,0.15,4,0.88,1.43,2.61,20.25,228.28,3.21,28.85,4
6.2,1.35325,25.68,205.62,1394.35,1.39,1.82,4,2.76,19,117.8,51.01,66.79,18.98,1.99,0.16,4,0.91,1.44,2.68,18.27,205.62,2.95,26.57,4
6.225,1.20219,25.55,310.58,1264.27,1.3,2,4,2.81,19,118.28,51.26,67.02,17.67,2.2,0.17,4,0.92,1.45,2.73,17.14,310.58,3.09,25.21,4
6.25,1.19761,26.83,259.08,1249.4,1.26,2.11,4,2.83,19,118.75,51.5,67.25,16.91,2.33,0.2,4,0.93,1.45,2.76,16.47,259.08,3.43,24.44,4
6.275,1.19915,27,277.03,1254.52,1.26,2.16,4,2.84,19,119.23,51.75,67.48,16.98,2.39,0.21,4,0.94,1.44,2.76,16.55,277.03,3.64,24.25,4
6.3,1.21897,28.18,355.32,1289.99,1.28,2.2,4,2.84,19,119.7,51.99,67.71,17.18,2.42,0.21,4,0.94,1.44,2.76,16.76,355.32,3.68,24.2,4
6.325,1.25063,29.36,270.95,1304.79,1.3,2.21,4,2.83,19,120.18,52.24,67.94,17.4,2.44,0.22,4,0.93,1.44,2.76,16.96,270.95,3.87,24.21,4
6.35,1.24757,28.95,318.83,1311.3,1.31,2.22,4,2.83,19,120.65,52.48,68.17,17.39,2.45,0.21,4,0.94,1.43,2.76,16.96,318.83,3.57,24.18,4
6.375,1.24223,28.74,297.34,1301.66,1.29,2.21,4,2.84,19,121.13,52.73,68.4,17.08,2.44,0.2,4,0.94,1.43,2.76,16.67,297.34,3.43,24.11,4
6.4,1.20521,27.66,245.25,1254.23,1.26,2.2,4,2.84,19,121.6,52.97,68.63,16.59,2.43,0.2,4,0.94,1.42,2.77,16.23,245.25,3.31,23.96,4
6.425,1.16554,26.64,297.93,1225.09,1.22,2.19,4,2.85,19,122.08,53.22,68.86,15.92,2.43,0.22,4,0.95,1.42,2.79,15.6,297.93,3.55,23.72,4
6.45,1.10565,25.62,350.71,1175.75,1.18,2.19,4,2.87,19,122.55,53.46,69.09,15.35,2.44,0.26,4,0.95,1.42,2.8,15.08,350.71,4.05,23.47,4
6.475,1.07779,25.47,350.71,1147.89,1.15,2.13,4,2.87,19,123.03,53.71,69.32,14.84,2.38,0.29,4,0.95,1.42,2.8,14.59,350.71,4.36,23.47,4
6.5,1.05793,22.4,365.81,1131.05,1.1,2.11,4,2.88,19,123.5,53.96,69.55,14.06,2.37,0.24,4,0.96,1.42,2.82,13.86,365.81,3.4,23.19,4
6.525,0.99484,21.8,155.39,1025.9,1.13,1.95,4,2.86,19,123.98,54.2,69.77,14.41,2.19,0.2,4,0.95,1.41,2.8,14.15,155.39,2.88,23.91,4
6.55,1.18213,21.91,243.88,1230.88,1.16,1.9,4,2.84,19,124.45,54.45,70,14.81,2.13,0.17,4,0.94,1.4,2.78,14.52,243.88,2.53,24.28,4
6.575,1.16802,22.63,294.69,1226.92,1.26,1.8,4,2.8,19,124.93,54.69,70.23,16.1,2,0.24,4,0.93,1.39,2.74,15.69,294.69,3.85,25.33,4
6.6,1.22143,23.43,436.25,1308.63,1.3,1.78,4,2.78,19,125.4,54.94,70.46,16.71,1.97,0.29,4,0.92,1.38,2.72,16.26,436.25,4.89,25.73,4
6.625,1.27942,23.6,466.66,1372.7,1.37,1.73,4,2.76,19,125.88,55.18,70.69,17.58,1.9,0.33,4,0.91,1.37,2.69,17.05,466.66,5.73,26.42,4
6.65,1.32862,23.8,478.73,1424.31,1.41,1.71,4,2.74,19,126.35,55.43,70.92,18.16,1.88,0.33,4,0.91,1.37,2.68,17.59,478.73,5.97,26.77,4
6.675,1.34732,25.18,492.17,1445.7,1.46,1.71,4,2.73,19,126.83,55.67,71.15,18.78,1.87,0.32,4,0.9,1.36,2.67,18.16,492.17,6.03,27.08,4
6.7,1.42247,26.04,483.83,1519.18,1.52,1.71,4,2.71,19,127.3,55.92,71.38,19.57,1.86,0.31,4,0.9,1.35,2.65,18.9,483.83,6.08,27.48,4
6.725,1.50906,26.79,494.13,1607.83,1.59,1.64,4,2.69,19,127.78,56.16,71.61,20.46,1.78,0.3,4,0.89,1.34,2.63,19.7,494.13,6.06,28.27,4
6.75,1.55294,25.39,493.15,1651.51,1.62,1.59,4,2.67,19,128.25,56.41,71.84,20.79,1.72,0.29,4,0.88,1.34,2.61,20,493.15,6.01,28.72,4
6.775,1.51173,25.04,477.06,1607.09,1.62,1.55,4,2.67,19,128.73,56.65,72.07,20.73,1.69,0.29,4,0.88,1.33,2.61,19.93,477.06,6.04,28.89,4
6.8,1.50754,25.12,505.61,1608.6,1.61,1.55,4,2.67,19,129.2,56.9,72.3,20.44,1.69,0.31,4,0.88,1.33,2.61,19.68,505.61,6.26,28.77,4
6.825,1.49723,24.58,546.02,1606.37,1.61,1.51,4,2.67,19,129.68,57.14,72.53,20.41,1.65,0.32,4,0.88,1.33,2.61,19.64,546.02,6.56,28.96,4
6.85,1.50562,23.43,547.5,1615.05,1.62,1.46,4,2.66,19,130.15,57.39,72.76,20.48,1.59,0.32,4,0.88,1.32,2.6,19.69,547.5,6.54,29.29,4
6.875,1.53728,23.18,505.71,1638.36,1.64,1.45,4,2.65,19,130.63,57.63,72.99,20.67,1.58,0.31,4,0.87,1.32,2.59,19.87,505.71,6.31,29.47,4
6.9,1.56437,24.79,501.49,1664.61,1.66,1.5,4,2.65,19,131.1,57.88,73.22,20.82,1.63,0.29,4,0.88,1.31,2.6,20.04,501.49,6.08,29.24,4
6.925,1.5636,26.76,502.66,1664.07,1.68,1.59,4,2.66,19,131.57,58.12,73.45,21.05,1.73,0.29,4,0.88,1.31,2.61,20.29,502.66,6.02,28.82,4
6.95,1.60516,28.72,497.66,1704.63,1.69,1.69,4,2.67,19,132.05,58.37,73.68,21.1,1.84,0.27,4,0.89,1.31,2.62,20.38,497.66,5.63,28.28,4
6.975,1.6082,30.17,418.4,1691.83,1.68,1.75,4,2.68,19,132.53,58.61,73.91,20.93,1.9,0.26,4,0.89,1.31,2.63,20.24,418.4,5.49,27.9,4
7,1.54565,29.11,476.37,1640.87,1.66,1.79,4,2.69,19,133,58.86,74.14,20.62,1.95,0.19,4,0.89,1.31,2.64,19.97,476.37,3.89,27.51,4
7.025,1.62226,30.11,146.27,1651.5,1.68,1.76,4,2.69,19,133.48,59.11,74.37,20.76,1.91,0.14,4,0.89,1.3,2.64,20.11,146.27,2.93,27.79,4
7.05,1.69886,29.14,207.38,1740.31,1.72,1.73,4,2.67,19,133.95,59.35,74.6,21.3,1.88,0.11,4,0.89,1.3,2.62,20.61,207.38,2.4,28.16,4
7.075,1.70573,30.31,360.62,1777.81,1.81,1.8,4,2.66,19,134.43,59.6,74.83,22.39,1.95,0.16,4,0.88,1.29,2.61,21.65,360.62,3.63,28.22,4
7.1,1.82628,38.45,426.64,1911.56,2,1.78,4,2.63,19,134.9,59.84,75.06,24.8,1.91,0.22,4,0.87,1.28,2.57,23.89,426.64,5.44,29.33,5
7.125,2.17723,37.7,617.15,2300.59,2.28,1.6,4,2.55,19,135.38,60.09,75.29,28.51,1.7,0.22,5,0.84,1.27,2.5,27.25,617.15,6.37,32.01,5
7.15,2.51902,33.42,575.45,2634.04,2.45,1.37,5,2.49,19,135.85,60.33,75.52,30.7,1.45,0.21,5,0.82,1.26,2.43,29.15,575.45,6.47,34.91,7
7.175,2.33744,29.41,453.81,2428.15,2.44,1.21,5,2.46,19,136.32,60.58,75.75,30.36,1.29,0.19,5,0.81,1.25,2.41,28.78,453.81,5.86,36.23,6
7.2,2.14976,25.92,484.32,2246.57,2.25,1.16,5,2.48,19,136.8,60.82,75.98,27.84,1.23,0.21,5,0.81,1.25,2.43,26.45,484.32,5.78,35.54,6
7.225,1.96856,22.77,561.72,2080.84,2.11,1.16,5,2.5,19,137.28,61.07,76.21,25.93,1.24,0.25,5,0.82,1.25,2.46,24.72,561.72,6.53,34.53,6
7.25,1.88731,24.62,630,2013.23,2.01,1.19,5,2.53,19,137.75,61.31,76.44,24.47,1.28,0.3,5,0.84,1.25,2.49,23.41,630,7.27,33.4,6
7.275,1.79881,24.61,660.02,1930.73,1.96,1.39,4,2.57,19,138.23,61.56,76.67,23.79,1.5,0.33,5,0.85,1.25,2.53,22.87,660.02,7.78,31.53,4
7.3,1.80493,32.7,683.46,1941.54,1.95,1.41,4,2.58,19,138.7,61.8,76.9,23.55,1.52,0.35,4,0.86,1.25,2.54,22.67,683.46,8.13,31.3,4
7.325,1.8339,25.13,716.91,1977.2,2.07,1.72,4,2.6,19,139.18,62.05,77.13,25.05,1.84,0.34,4,0.86,1.25,2.56,24.18,716.91,8.55,29.86,5
7.35,2.14136,48.78,763.02,2293.87,2.29,2.04,4,2.61,19,139.65,62.29,77.36,27.86,2.17,0.3,4,0.87,1.25,2.57,26.92,763.02,8.43,28.72,5
